checkpoint,ROUGE-L(simple),BERTScore
C0_alpaca.json,0.11844663374526038,0.8666597008705139
C1_alpaca.json,0.09213574943085849,0.8658090233802795
C2_alpaca.json,0.10356764576713424,0.8690534234046936
